{"cameraMode":{"drawMode":0,"name":"Shaded","section":"Shading Mode"},"sceneLighting":true,"audioPlay":false,"sceneViewState":{"m_AlwaysRefresh":false,"showFog":true,"showSkybox":false,"showFlares":true,"showImageEffects":true,"showParticleSystems":true,"showVisualEffectGraphs":true,"m_FxEnabled":true},"in2DMode":false,"pivot":{"x":0.02704016864299774,"y":0.3487817049026489,"z":6.961647033691406},"rotation":{"x":0.00010971226583933458,"y":-0.999451756477356,"z":0.0032674444373697044,"w":0.03281380981206894},"size":1.5764747858047486,"orthographic":false}