{"cameraMode":{"drawMode":0,"name":"Shaded","section":"Shading Mode"},"sceneLighting":true,"audioPlay":false,"sceneViewState":{"m_AlwaysRefresh":false,"showFog":true,"showSkybox":true,"showFlares":true,"showImageEffects":true,"showParticleSystems":true,"showVisualEffectGraphs":true,"m_FxEnabled":true},"in2DMode":false,"pivot":{"x":-3.638904333114624,"y":6.49640417098999,"z":172.07383728027345},"rotation":{"x":-0.06902460008859635,"y":-0.21713465452194215,"z":0.015360093675553799,"w":-0.9736030101776123},"size":1.2273719310760499,"orthographic":false}