{"cameraMode":{"drawMode":0,"name":"Shaded","section":"Shading Mode"},"sceneLighting":true,"audioPlay":false,"sceneViewState":{"m_AlwaysRefresh":false,"showFog":true,"showSkybox":true,"showFlares":true,"showImageEffects":true,"showParticleSystems":true,"showVisualEffectGraphs":true,"m_FxEnabled":true},"in2DMode":false,"pivot":{"x":-0.46269384026527407,"y":3.203354835510254,"z":6.708958625793457},"rotation":{"x":-0.12842880189418794,"y":0.04698454216122627,"z":-0.006099966820329428,"w":-0.990581750869751},"size":12.607695579528809,"orthographic":false}