{"cameraMode":{"drawMode":0,"name":"Shaded","section":"Shading Mode"},"sceneLighting":true,"audioPlay":false,"sceneViewState":{"m_AlwaysRefresh":false,"showFog":true,"showSkybox":true,"showFlares":true,"showImageEffects":true,"showParticleSystems":true,"showVisualEffectGraphs":true,"m_FxEnabled":true},"in2DMode":false,"pivot":{"x":26.705589294433595,"y":14.401168823242188,"z":65.61387634277344},"rotation":{"x":0.16642549633979798,"y":0.48781919479370119,"z":-0.09533139318227768,"w":0.851611316204071},"size":42.84272766113281,"orthographic":false}