{"cameraMode":{"drawMode":0,"name":"Shaded","section":"Shading Mode"},"sceneLighting":true,"audioPlay":false,"sceneViewState":{"m_AlwaysRefresh":false,"showFog":true,"showSkybox":true,"showFlares":true,"showImageEffects":true,"showParticleSystems":true,"showVisualEffectGraphs":true,"m_FxEnabled":true},"in2DMode":false,"pivot":{"x":7.502368927001953,"y":1.7634243965148926,"z":-8.758955001831055},"rotation":{"x":0.005776577163487673,"y":0.9665559530258179,"z":-0.021708959713578225,"w":0.25565922260284426},"size":0.6226758360862732,"orthographic":false}