{"cameraMode":{"drawMode":0,"name":"Shaded","section":"Shading Mode"},"sceneLighting":true,"audioPlay":false,"sceneViewState":{"m_AlwaysRefresh":false,"showFog":true,"showSkybox":true,"showFlares":true,"showImageEffects":true,"showParticleSystems":true,"showVisualEffectGraphs":true,"m_FxEnabled":true},"in2DMode":false,"pivot":{"x":14.894983291625977,"y":31.584918975830079,"z":60.63725280761719},"rotation":{"x":0.025900648906826974,"y":0.4166232645511627,"z":0.011881565675139428,"w":-0.9086490869522095},"size":2.1574583053588869,"orthographic":false}