{"cameraMode":{"drawMode":0,"name":"Shaded","section":"Shading Mode"},"sceneLighting":true,"audioPlay":false,"sceneViewState":{"m_AlwaysRefresh":false,"showFog":true,"showSkybox":true,"showFlares":true,"showImageEffects":true,"showParticleSystems":true,"showVisualEffectGraphs":true,"m_FxEnabled":true},"in2DMode":false,"pivot":{"x":5.573968410491943,"y":16.120439529418947,"z":42.48198318481445},"rotation":{"x":-0.14319978654384614,"y":-0.062380507588386539,"z":0.009044324047863484,"w":-0.9877946376800537},"size":11.925186157226563,"orthographic":false}