{"cameraMode":{"drawMode":0,"name":"Shaded","section":"Shading Mode"},"sceneLighting":true,"audioPlay":false,"sceneViewState":{"m_AlwaysRefresh":false,"showFog":true,"showSkybox":true,"showFlares":true,"showImageEffects":true,"showParticleSystems":true,"showVisualEffectGraphs":true,"m_FxEnabled":true},"in2DMode":false,"pivot":{"x":-12.783771514892579,"y":16.071565628051759,"z":-0.9588437080383301},"rotation":{"x":-0.07213394343852997,"y":-0.647648811340332,"z":0.06179565563797951,"w":-0.7559962272644043},"size":58.163639068603519,"orthographic":false}