{"cameraMode":{"drawMode":0,"name":"Shaded","section":"Shading Mode"},"sceneLighting":false,"audioPlay":false,"sceneViewState":{"m_AlwaysRefresh":false,"showFog":true,"showSkybox":false,"showFlares":true,"showImageEffects":true,"showParticleSystems":true,"showVisualEffectGraphs":true,"m_FxEnabled":true},"in2DMode":false,"pivot":{"x":-0.46000003814697268,"y":0.9300003051757813,"z":17.440000534057618},"rotation":{"x":0.1354234516620636,"y":0.07186566293239594,"z":-0.009840292856097222,"w":0.9881741404533386},"size":17.32050895690918,"orthographic":false}